{"cameraMode":{"drawMode":0,"name":"Shaded","section":"Shading Mode"},"sceneLighting":true,"audioPlay":false,"sceneViewState":{"m_AlwaysRefresh":false,"showFog":true,"showSkybox":true,"showFlares":true,"showImageEffects":true,"showParticleSystems":true,"showVisualEffectGraphs":true,"m_FxEnabled":true},"in2DMode":false,"pivot":{"x":-166.5034942626953,"y":35.023719787597659,"z":144.59034729003907},"rotation":{"x":0.05984288081526756,"y":-0.7337992191314697,"z":0.07166066020727158,"w":0.6735144853591919},"size":76.77311706542969,"orthographic":false}